{"geo_loss": [9.351256801605224, 6.040000829696655, 4.084480759620667, 2.684661102294922, 2.06671004486084, 1.8120244789123534, 1.8330975975990296, 1.70554692029953, 1.5204930920600892, 1.521363308429718, 1.4231207904815675, 1.4475119047164917, 1.4575762267112733, 1.3827832884788513, 1.33664715051651, 1.36331227684021, 1.402428195476532, 1.338633602142334, 1.3522248554229737, 1.4163803510665893], "cls_loss": [0.9861832642555237, 0.9784806356430054, 0.9793957047462464, 0.9799286890029907, 0.9889251556396484, 0.9740847635269165, 0.9653337459564209, 0.9904454536437989, 0.9888467493057251, 0.9889852175712586, 0.990513563632965, 0.988734787940979, 0.9888998937606811, 0.9654861598014831, 0.9883227624893188, 0.9813165469169617, 0.9876159429550171, 0.9814061017036438, 0.9801312532424927, 0.9798336296081543]}